benchmark_name,n_years,gross_mean_annual_return,gross_cumulative_return,gross_annualized_return,gross_maximum_drawdown,gross_volatility,gross_sharpe_ratio,gross_win_rate,net_mean_annual_return,net_cumulative_return,net_annualized_return,net_maximum_drawdown,net_volatility,net_sharpe_ratio,net_win_rate
all_stock_equal_weight,11,0.10192409438636364,0.35769055920410064,0.028188636681171886,-0.5030376365000001,0.4162270342660901,0.24487619975497438,0.6363636363636364,0.0981260943863636,0.2991617944574938,0.02407796569452203,-0.5068356365,0.4162270342660901,0.23575137198712687,0.6363636363636364
