model_name,top_k,n_random_runs,net_annualized_return_mean,net_annualized_return_median,net_annualized_return_p05,net_annualized_return_p95,net_cumulative_return_mean,net_cumulative_return_median,net_cumulative_return_p05,net_cumulative_return_p95,net_maximum_drawdown_mean,net_maximum_drawdown_median,net_maximum_drawdown_p05,net_maximum_drawdown_p95,net_volatility_mean,net_volatility_median,net_volatility_p05,net_volatility_p95,net_sharpe_ratio_mean,net_sharpe_ratio_median,net_sharpe_ratio_p05,net_sharpe_ratio_p95,net_win_rate_mean,net_win_rate_median,net_win_rate_p05,net_win_rate_p95
external_random_topk_benchmark,5,500,0.17995565093534135,0.17885927400761215,0.07323757667937239,0.2972809888814437,5.121870217988424,4.183459565788386,1.0274899077324786,12.500216596581254,-0.13275325628309922,-0.12188134894556119,-0.28958390883656066,-0.014557348187139819,0.2732209927244033,0.25693359643062175,0.13675555591193828,0.510209452874349,0.7844386085827793,0.7543477039406032,0.4506194133649394,1.1867108629630996,0.7766000000000001,0.8,0.6,0.9
external_random_topk_benchmark,10,500,0.1872623464474092,0.1853484425964118,0.10707768313881547,0.27631463625549924,5.052943547412407,4.475967068690288,1.765547201611623,10.47038636407719,-0.10715494398296206,-0.10692410584858847,-0.2029809882936226,0.0,0.22393515821676005,0.21456911167153675,0.1380059136792694,0.34620569698815323,0.9406059615433021,0.9239430713198706,0.659556625328422,1.3342007500577406,0.8226000000000001,0.8,0.7,0.9
external_random_topk_benchmark,20,500,0.1931708631131835,0.19351956107068258,0.1384104046523578,0.24849155705342,5.0680613475009935,4.865371413153728,2.655855824021866,8.201455890830376,-0.093387376248733,-0.08968407214275231,-0.16728794670509736,-0.020801113705631973,0.19644959966404008,0.19248913830758993,0.13598755118769468,0.27062457637861237,1.0811674084969196,1.0622549399676573,0.802914405927819,1.3946521809949457,0.8354000000000001,0.8,0.7,0.9
external_random_topk_benchmark,30,500,0.19569678726921938,0.1949044057951399,0.15477446275961382,0.24130156748719594,5.10925215161369,4.933782531289016,3.2166907683075032,7.68506506138102,-0.08990859526985592,-0.09051355064825317,-0.15130000501049737,-0.027499927193103377,0.18432544552394464,0.18062386486540793,0.13902810269454588,0.2424674263967304,1.1482501014847808,1.1397889688293943,0.920027597293903,1.4033306949413857,0.8438000000000002,0.8,0.8,0.9
